date,true_close,pred_close
2022-01-01,450.600773976,365.1257771103997
2022-01-02,450.600773976,364.111318053445
2022-01-03,453.209735001,362.71594993539003
2022-01-04,453.057940905,385.8818866505954
2022-01-05,444.358241778,311.1839932939171
2022-01-06,443.940808014,365.21667825819776
2022-01-07,442.185688779,366.5953399394217
2022-01-08,442.185688779,368.3008631840803
2022-01-09,442.185688779,388.1920456045593
2022-01-10,441.635435181,366.9728957617478
2022-01-11,445.657978725,412.619085660113
2022-01-12,446.862844362,318.0537765260624
2022-01-13,440.705696343,363.5397420460977
2022-01-14,440.885951832,363.44809674477324
2022-01-15,440.885951832,363.2827432453036
2022-01-16,440.885951832,418.0188307330972
2022-01-17,440.885951832,360.05336295315294
2022-01-18,433.078043019,291.7710043765009
2022-01-19,428.581142925,346.8239206703609
2022-01-20,423.837577425,365.25303447743164
2022-01-21,415.517363538,364.60740938867946
2022-01-22,415.517363538,377.62768029681575
2022-01-23,415.517363538,365.7936559296022
2022-01-24,417.281969904,267.398200800145
2022-01-25,412.187380557,278.01789864995965
2022-01-26,411.153283278,362.71105484554454
2022-01-27,409.123037244,350.51460836777676
2022-01-28,419.283754545,363.2333530533754
2022-01-29,419.283754545,197.59344143579386
2022-01-30,419.283754545,410.19945402713023
2022-01-31,426.835510821,306.6486926537102
2022-02-01,429.719598645,236.30492204688636
2022-02-02,433.893936285,261.1917804450139
2022-02-03,423.69527046,297.7484556301071
2022-02-04,425.68756797,217.79046263235742
2022-02-05,425.68756797,362.13985724232333
2022-02-06,425.68756797,317.46256147809555
2022-02-07,424.321421106,352.6923279017155
2022-02-08,427.812685314,142.6295947018067
2022-02-09,434.074191774,199.2042095928399
2022-02-10,426.275770092,361.0108413906739
2022-02-11,417.870172026,361.21528315506754
2022-02-12,417.870172026,350.72648205574677
2022-02-13,417.870172026,368.2943288346017
2022-02-14,416.504025162,136.07771297567464
2022-02-15,423.22091391,401.74235535373697
2022-02-16,423.69527046,369.63403527333764
2022-02-17,414.644547486,331.99330075084504
2022-02-18,411.959689413,341.38495725512104
2022-02-19,411.959689413,157.36761124020333
2022-02-20,411.959689413,410.9721617283203
2022-02-21,411.959689413,167.11939909001723
2022-02-22,407.538686367,421.38207052805234
2022-02-23,400.309492545,360.6197727288278
2022-02-24,406.33382073,266.89147622497944
2022-02-25,415.299159525,360.68931354573544
2022-02-26,415.299159525,322.7205043353013
2022-02-27,415.299159525,273.4964655648139
2022-02-28,414.236600853,362.17877941857205
2022-03-01,407.927658738,154.18112035599125
2022-03-02,415.431979359,293.4746828886079
2022-03-03,413.363784801,365.19773691824656
2022-03-04,410.005340427,373.49625413760936
2022-03-05,410.005340427,283.3965298391019
2022-03-06,410.005340427,288.02377688319746
2022-03-07,397.918735533,314.9801188078388
2022-03-08,394.901827875,421.6528174529443
2022-03-09,405.489466071,377.2208717511471
2022-03-10,403.658449788,362.07227500837473
2022-03-11,398.525911917,345.6161610372482
2022-03-12,398.525911917,357.34822217194665
2022-03-13,398.525911917,365.03235924254716
2022-03-14,395.6133627,358.2776683975521
2022-03-15,404.313061827,271.0865053458602
2022-03-16,413.278400622,272.07854612230113
2022-03-17,418.448887017,358.2496938362817
2022-03-18,423.03212546,357.44030348330045
2022-03-19,423.03212546,270.53578816480274
2022-03-20,423.03212546,357.2415619135473
2022-03-21,422.908409595,299.371358446779
2022-03-22,427.857044195,423.7700019199511
2022-03-23,422.3469299,349.2204743934168
2022-03-24,428.713538645,352.20657326167964
2022-03-25,430.807191745,357.19491953064346
2022-03-26,430.807191745,285.2431787518544
2022-03-27,430.807191745,329.21344692061234
2022-03-28,433.871538555,358.2574338038271
2022-03-29,439.238903775,366.7029895678581
2022-03-30,436.52667135,367.2787944573738
2022-03-31,429.80794822,371.7713024927028
2022-04-01,431.02607366,196.2346736026355
2022-04-02,431.02607366,347.9887706833614
2022-04-03,431.02607366,310.21629468605124
2022-04-04,434.7185164,123.06334359349395
2022-04-05,429.227435315,425.9514584064642
2022-04-06,424.93544646,380.11490450166355
2022-04-07,427.076682585,338.46769250004235
2022-04-08,425.934689985,355.63368017855333
2022-04-09,425.934689985,354.5361030613576
2022-04-10,425.934689985,317.3843984562035
2022-04-11,418.65448716,318.2994505255599
2022-04-12,417.103280545,355.7241732541337
2022-04-13,421.880616255,347.4012738290763
2022-04-14,416.627450295,356.30544108711484
2022-04-15,416.627450295,424.00151160074535
2022-04-16,416.627450295,199.59118809779048
2022-04-17,416.627450295,307.1546230146605
2022-04-18,416.798749185,178.754077811003
2022-04-19,423.52698892,355.3860646799773
2022-04-20,423.212940955,387.09173535468227
2022-04-21,416.88439863,343.5270959664932
2022-04-22,405.44543942,354.3494579420863
2022-04-23,405.44543942,365.83016187487345
2022-04-24,405.44543942,336.6007658380212
2022-04-25,407.796040855,264.5140746794328
2022-04-26,395.98593405,280.77812467330983
2022-04-27,397.099376835,281.3850938131409
2022-04-28,407.129878505,187.75716234155516
2022-04-29,392.084126,353.88434829505906
2022-04-30,392.084126,361.37864673709805
2022-05-01,392.084126,365.5080035190131
2022-05-02,394.44424404,385.05218401790023
2022-05-03,396.25239899,350.78304646795226
2022-05-04,408.31945413,264.68368213723033
2022-05-05,393.806631505,355.9491581644925
2022-05-06,391.45603007,184.43407677550374
2022-05-07,391.45603007,309.1103504025322
2022-05-08,391.45603007,353.76001610365165
2022-05-09,378.922661285,191.08226688498914
2022-05-10,379.798188945,367.6892453650775
2022-05-11,373.764661375,351.942126972216
2022-05-12,373.37448057,276.43256101109114
2022-05-13,382.30105606,248.63692195704039
2022-05-14,382.30105606,367.44866788558795
2022-05-15,382.30105606,404.9444493233439
2022-05-16,380.749849445,348.32693241771835
2022-05-17,388.58201536,262.18476774873784
2022-05-18,372.91768353,332.28413115401236
2022-05-19,370.63369833,260.8086866270533
2022-05-20,370.795480615,339.2143333312989
2022-05-21,370.795480615,365.57860179583673
2022-05-22,370.795480615,256.6767432659244
2022-05-23,377.73308566,290.5613408400906
2022-05-24,374.849554345,412.7960837298859
2022-05-25,378.161332885,332.4843566174083
2022-05-26,385.717517255,352.4950723405106
2022-05-27,395.18653923,365.5921409039983
2022-05-28,395.18653923,425.43276241838737
2022-05-29,395.18653923,353.4903978570409
2022-05-30,395.18653923,353.4600038427933
2022-05-31,392.969170265,425.7688742168765
2022-06-01,389.790624195,338.7913331825855
2022-06-02,397.213576095,350.42729325392105
2022-06-03,390.69470167,364.727220990949
2022-06-04,390.69470167,289.40632400650753
2022-06-05,390.69470167,296.9950848055599
2022-06-06,391.884277295,353.13961823826884
2022-06-07,395.64333627,334.1290735412778
2022-06-08,391.34183081,353.26632243086766
2022-06-09,382.03459112,352.20828084730664
2022-06-10,370.9572629,308.6501938195358
2022-06-11,370.9572629,247.79510655861594
2022-06-12,370.9572629,213.72936208117665
2022-06-13,356.8726875,425.39686210218434
2022-06-14,355.797311135,339.10414599437996
2022-06-15,360.8696616,317.61467333613285
2022-06-16,348.926322325,347.7346447236459
2022-06-17,349.67837806,350.35562517256056
2022-06-18,349.67837806,350.9331569624566
2022-06-19,349.67837806,349.96216991848974
2022-06-20,349.67837806,205.87560868969854
2022-06-21,358.48102897,341.13699007191514
2022-06-22,357.83110469,357.8643533675261
2022-06-23,361.33878426,344.4595142520049
2022-06-24,372.82715168,350.7648498299265
2022-06-25,372.82715168,312.7497031783591
2022-06-26,372.82715168,365.88535119625317
2022-06-27,371.40305289,350.5266084007224
2022-06-28,363.81423115,262.1458450052465
2022-06-29,363.51794214,374.8781311043703
2022-06-30,360.56460975,190.57581791347187
2022-07-01,364.37813604,372.1806253514813
2022-07-02,364.37813604,351.8009151401551
2022-07-03,364.37813604,349.67494835334804
2022-07-04,364.37813604,348.92623569723133
2022-07-05,365.06629116,404.7622792465027
2022-07-06,366.29923575,153.65730959722802
2022-07-07,371.78536129,311.1551809351867
2022-07-08,371.47951457,345.28272427878665
2022-07-09,371.47951457,331.8931316296173
2022-07-10,371.47951457,330.7042611309999
2022-07-11,367.23589133,351.84013117452525
2022-07-12,363.98626993,213.24910589731232
2022-07-13,362.07472793,351.974845455012
2022-07-14,361.19541861,297.21587299945986
2022-07-15,368.09608523,328.0132150177325
2022-07-16,368.09608523,279.65702977475377
2022-07-17,368.09608523,346.85041048785064
2022-07-18,365.05673345,249.72884863851257
2022-07-19,374.92029017,335.1484166633792
2022-07-20,377.30971767,137.9874958151688
2022-07-21,381.15191709,153.44277796620642
2022-07-22,377.61556439,349.84122939850454
2022-07-23,377.61556439,368.1084744677796
2022-07-24,377.61556439,352.23300561649614
2022-07-25,378.07433447,352.1869322785516
2022-07-26,373.60132619,205.0019893305633
2022-07-27,383.30240184,325.4356656470187
2022-07-28,388.10992997,399.8187659139522
2022-07-29,393.76809429,295.41117083222866
2022-07-30,393.76809429,372.75506038988556
2022-07-31,393.76809429,239.43218055994018
2022-08-01,392.60205367,352.1455077842354
2022-08-02,390.01191426,351.80746188742165
2022-08-03,396.11929095,185.99902411721027
2022-08-04,395.85167507,347.2491232673689
2022-08-05,395.18263537,363.57379780241723
2022-08-06,395.18263537,294.4289250033718
2022-08-07,395.18263537,328.10740052172616
2022-08-08,394.72386529,343.78028243720075
2022-08-09,393.15640085,204.48775389704247
2022-08-10,401.41426229,363.7254195733754
2022-08-11,401.41426229,351.1878508251249
2022-08-12,408.2097941,330.1039444453489
2022-08-13,408.2097941,354.36799635126926
2022-08-14,408.2097941,319.0074017531517
2022-08-15,409.89195106,348.4143824211704
2022-08-16,410.6947987,348.9041227071058
2022-08-17,407.77969715,427.1868792107915
2022-08-18,408.96485319,348.45394552115596
2022-08-19,403.46916994,276.66508520020744
2022-08-20,403.46916994,350.3511088027613
2022-08-21,403.46916994,399.71311884471595
2022-08-22,395.06794285,292.5989754859213
2022-08-23,394.11217185,243.67005421904094
2022-08-24,395.37378957,261.9628906424326
2022-08-25,400.95549221,426.31397820338003
2022-08-26,387.38354401,348.3696904722122
2022-08-27,387.38354401,324.8120127438195
2022-08-28,387.38354401,326.973086286302
2022-08-29,384.82207773,347.4956389676398
2022-08-30,380.59756991,370.4474525641214
2022-08-31,377.70158378,121.35070616163526
2022-09-01,378.88673982,335.83109993501495
2022-09-02,374.89161704,395.9378677426869
2022-09-03,374.89161704,427.86912762802825
2022-09-04,374.89161704,285.7681230656825
2022-09-05,374.89161704,287.04636147837044
2022-09-06,373.47707596,343.13557552562344
2022-09-07,380.18658838,371.53639205949514
2022-09-08,382.67159298,341.7205107038632
2022-09-09,388.6164886,413.0816449871152
2022-09-10,388.6164886,348.74499677119536
2022-09-11,388.6164886,370.5789854101936
2022-09-12,392.79320787,343.26386631732964
2022-09-13,375.7135801,267.27519426767697
2022-09-14,377.1472366,198.8768501312122
2022-09-15,372.86538252,392.2108830936483
2022-09-16,370.021199436,338.43445243211823
2022-09-17,370.021199436,179.58921991403847
2022-09-18,370.021199436,344.7330747631358
2022-09-19,372.890696755,257.91698552339705
2022-09-20,368.610443229,345.9425000727069
2022-09-21,362.180465959,372.3293191663612
2022-09-22,359.138222982,311.3044724699591
2022-09-23,353.120915895,345.30860251939964
2022-09-24,353.120915895,344.9672756577525
2022-09-25,353.120915895,308.6637021663938
2022-09-26,349.627614811,401.61855701434257
2022-09-27,348.735095578,321.43701733226067
2022-09-28,355.596936993,336.22582047092254
2022-09-29,348.168873699,288.8774579850071
2022-09-30,342.784967358,332.29574855122735
2022-10-01,342.784967358,254.10060844150394
2022-10-02,342.784967358,152.02665198288983
2022-10-03,351.834920441,346.016365889546
2022-10-04,362.737090857,251.8854463311349
2022-10-05,361.892556529,363.6697981238393
2022-10-06,358.15933092,129.573045649232
2022-10-07,348.168873699,262.07353981549005
2022-10-08,348.168873699,343.27298083812303
2022-10-09,348.168873699,384.5219334470834
2022-10-10,345.510509962,237.93815604637862
2022-10-11,343.322398294,342.0944822858312
2022-10-12,342.189954536,345.6849556340716
2022-10-13,351.220713657,341.8894590049444
2022-10-14,343.216831503,260.6050112191416
2022-10-15,343.216831503,341.97468310366895
2022-10-16,343.216831503,275.30112741531246
2022-10-17,352.036457042,320.6501275693954
2022-10-18,356.172755853,341.60861473442253
2022-10-19,353.64874985,202.48459780140377
2022-10-20,350.683282721,336.2177310698965
2022-10-21,359.205401849,364.6850164953765
2022-10-22,359.205401849,341.5408265689871
2022-10-23,359.205401849,257.7485790565387
2022-10-24,363.600819147,303.2323309809539
2022-10-25,369.406992652,248.11570515953858
2022-10-26,366.623868162,254.19215436066372
2022-10-27,364.666084038,345.4766161108842
2022-10-28,373.341754862,342.2002761723945
2022-10-29,373.341754862,363.99405570782534
2022-10-30,373.341754862,429.40417099892045
2022-10-31,370.645003201,281.4453299382655
2022-11-01,369.023113412,230.12432516597607
2022-11-02,359.762026747,417.92144759313294
2022-11-03,356.057592081,283.43440771135494
2022-11-04,361.182379935,224.10190486045823
2022-11-05,361.182379935,344.5530122006984
2022-11-06,361.182379935,210.19054492443237
2022-11-07,364.637293095,266.8412810553908
2022-11-08,366.6046742,316.5024832522983
2022-11-09,359.051850153,314.6281732418202
2022-11-10,378.783243089,330.97670088693246
2022-11-11,382.449289831,274.8668741680351
2022-11-12,382.449289831,340.8412857088038
2022-11-13,382.449289831,264.85817703562526
2022-11-14,379.195913272,345.7718010241008
2022-11-15,382.430095869,204.2395681927385
2022-11-16,379.512613645,304.0587459529679
2022-11-17,378.351378944,334.62864336882353
2022-11-18,380.069238543,324.52160122107813
2022-11-19,380.069238543,323.92395625274196
2022-11-20,380.069238543,339.9642851302905
2022-11-21,378.687273279,134.05989516977206
2022-11-22,383.78327019,428.0803140515487
2022-11-23,386.201709402,254.22522601245595
2022-11-24,386.201709402,341.3789769369869
2022-11-25,386.115336573,372.8006667243382
2022-11-26,386.115336573,309.1473861725887
2022-11-27,386.115336573,282.6841752090794
2022-11-28,379.954074771,241.07145081180914
2022-11-29,379.301480063,315.1505152058835
2022-11-30,391.249721408,429.7858448973341
2022-12-01,390.961811978,342.9468049000466
2022-12-02,390.510753871,401.5892760281959
2022-12-03,390.510753871,330.0892886601102
2022-12-04,390.510753871,137.35418868206148
2022-12-05,383.485763779,345.0585032842632
2022-12-06,377.957902723,294.9890750509351
2022-12-07,377.314904996,337.33386815799867
2022-12-08,380.270775144,367.1821015300243
2022-12-09,377.430068768,344.8842108494059
2022-12-10,377.430068768,407.54795965936756
2022-12-11,377.430068768,343.62688131313223
2022-12-12,382.871556995,342.14328618143827
2022-12-13,385.769845257,216.05497466834672
2022-12-14,383.30342114,301.2022922480078
2022-12-15,373.927170703,429.6750045513171
2022-12-16,369.512944947,309.1554395726746
2022-12-17,369.512944947,250.19814612320567
2022-12-18,369.512944947,341.27877798466693
2022-12-19,366.379600122,334.26603093257137
2022-12-20,366.880935294,242.4402041886083
2022-12-21,372.366699003,342.61215768724435
2022-12-22,367.054474392,129.06727763637264
2022-12-23,369.165866751,189.00577272809224
2022-12-24,369.165866751,187.77304933308113
2022-12-25,369.165866751,321.6675176338039
2022-12-26,369.165866751,329.4530837048897
2022-12-27,367.71006654,343.2889293025687
2022-12-28,363.140203626,409.1074057422317
2022-12-29,369.676842984,410.777680346946
2022-12-30,368.703095823,337.8297193400392
2022-12-31,368.703095823,127.71787530614749
2023-01-01,368.703095823,427.54571494506257
2023-01-02,368.703095823,346.90825547278683
2023-01-03,367.150885002,337.3956720800293
2023-01-04,369.985356936,235.42282869724025
2023-01-05,365.762572218,395.97950265601264
2023-01-06,374.150295288,310.42170257435333
2023-01-07,374.150295288,344.15166960413296
2023-01-08,374.150295288,346.33102589557495
2023-01-09,373.938191946,345.1386880304834
2023-01-10,376.560560538,364.315655748471
2023-01-11,381.323244672,400.96302819773575
2023-01-12,382.711557456,257.23563590657756
2023-01-13,384.19628085,120.28044576433174
2023-01-14,384.19628085,201.46397743143012
2023-01-15,384.19628085,344.8906581307993
2023-01-16,384.19628085,312.38040718674137
2023-01-17,383.492483397,427.88420912401597
2023-01-18,377.437897089,315.40357304404654
2023-01-19,374.690194704,120.2696158396128
2023-01-20,381.670322868,341.7063502837515
2023-01-21,381.670322868,405.85404133896327
2023-01-22,381.670322868,332.92837111475563
2023-01-23,386.249826843,310.3809667326408
2023-01-24,385.83526122,348.46937931354785
2023-01-25,385.979877135,345.2914009933782
2023-01-26,390.221943975,428.5847656214712
2023-01-27,391.118562648,367.35551967890143
2023-01-28,391.118562648,348.10005626640805
2023-01-29,391.118562648,293.62286820460764
2023-01-30,386.211262599,347.5129185926551
2023-01-31,391.889847528,348.52566496025196
2023-02-01,396.05478588,290.1403544190277
2023-02-02,401.820140358,347.51622133495505
2023-02-03,397.549150335,348.6374686165179
2023-02-04,397.549150335,428.15844012390306
2023-02-05,397.549150335,346.2511766724347
2023-02-06,395.119602963,153.03055838234795
2023-02-07,400.287211659,336.9388873110995
2023-02-08,395.910169965,244.18841730447792
2023-02-09,392.477952249,306.6647972455924
2023-02-10,393.393853044,204.3603723943603
2023-02-11,393.393853044,168.32045378426912
2023-02-12,393.393853044,370.1092211055944
2023-02-13,398.011921263,136.80965370412505
2023-02-14,397.828741104,330.9927209114046
2023-02-15,399.120643278,157.86440353818077
2023-02-16,393.625238508,346.38523099307565
2023-02-17,392.641850286,324.9503747122279
2023-02-18,392.641850286,256.1755966548013
2023-02-19,392.641850286,429.2861549523164
2023-02-20,392.641850286,304.2659273698883
2023-02-21,384.765103449,393.27834583524475
2023-02-22,384.234845094,367.4850471091275
2023-02-23,386.278750026,127.62650661627514
2023-02-24,382.152375918,370.6267337396129
2023-02-25,382.152375918,345.4600253976877
2023-02-26,382.152375918,428.3365764434082
2023-02-27,383.453919153,430.7157510430226
2023-02-28,382.036683186,192.15139012918618
2023-03-01,380.571241914,371.60269596903476
2023-03-02,383.531047641,142.67480453533184
2023-03-03,389.682044559,429.58898916352473
2023-03-04,389.682044559,181.11269356493537
2023-03-05,389.682044559,330.49675449016246
2023-03-06,389.951994267,431.4345595107976
2023-03-07,383.974536447,334.280142032325
2023-03-08,384.601205412,341.2996239131174
2023-03-09,377.505384516,376.814352896916
2023-03-10,372.058185051,330.9871558639719
2023-03-11,372.058185051,314.3970450032009
2023-03-12,372.058185051,310.1519065346669
2023-03-13,371.527926696,368.5367135551766
2023-03-14,377.669282553,122.04872713751116
2023-03-15,375.307222608,150.4878931835207
2023-03-16,381.892067271,398.0764529826382
2023-03-17,377.426901139,328.741645922323
2023-03-18,377.426901139,365.2357854728048
2023-03-19,377.426901139,362.9896984920347
2023-03-20,381.056099014,331.2761488432768
2023-03-21,386.059553151,299.80700265143355
2023-03-22,379.478607671,429.3612733922943
2023-03-23,380.504460937,298.5631742835675
2023-03-24,383.001349075,192.89181560926775
2023-03-25,383.001349075,327.98970095265423
2023-03-26,383.001349075,346.9881542424157
2023-03-27,383.717510789,325.60092472719447
2023-03-28,382.85618116,346.1483692776426
2023-03-29,388.420951235,429.62522859653797
2023-03-30,390.69524857,131.93249298489263
2023-03-31,396.201951479,397.80273610591706
2023-04-01,396.201951479,309.5919581067496
2023-04-02,396.201951479,346.88214572045655
2023-04-03,397.711697795,346.8042372120116
2023-04-04,395.505145487,341.289449301063
2023-04-05,394.46961436,289.69042988977384
2023-04-06,396.008394259,364.32032017284297
2023-04-07,396.008394259,347.26001958997495
2023-04-08,396.008394259,416.584130569648
2023-04-09,396.008394259,320.4558772477465
2023-04-10,396.414864421,347.5185590797181
2023-04-11,396.521320892,340.64936811545505
2023-04-12,394.905118105,307.23324835039176
2023-04-13,400.150518767,345.7983294676935
2023-04-14,399.173054806,356.5494589243257
2023-04-15,399.173054806,347.37951072647434
2023-04-16,399.173054806,329.77596401544355
2023-04-17,400.605378234,370.8889808545922
2023-04-18,400.866680481,321.7134354253
2023-04-19,400.798935454,331.56454858200016
2023-04-20,398.611738868,333.2601068083077
2023-04-21,398.92143042,346.94742029987884
2023-04-22,398.92143042,362.5872545993028
2023-04-23,398.92143042,418.2041579700506
2023-04-24,399.337578443,365.496111136636
2023-04-25,392.998579488,319.62538480695986
2023-04-26,391.333987396,346.95661298815264
2023-04-27,399.124665501,333.5216392425731
2023-04-28,402.531272573,343.9132310946501
2023-04-29,402.531272573,242.20052900310847
2023-04-30,402.531272573,177.9515215076245
2023-05-01,402.124802411,347.19404685285
2023-05-02,397.605241324,283.73537057452444
2023-05-03,394.876084522,335.65311345297886
2023-05-04,392.079182693,348.05306505164657
2023-05-05,399.337578443,342.45397788669226
2023-05-06,399.337578443,349.58090243356736
2023-05-07,399.337578443,348.8977995129021
2023-05-08,399.444034914,255.9459621384175
2023-05-09,397.692342073,141.93902114395468
2023-05-10,399.550491385,371.26920812823784
2023-05-11,398.853685393,364.74542501399213
2023-05-12,398.331080899,283.40711303987894
2023-05-13,398.331080899,368.28797163824623
2023-05-14,398.331080899,350.13445159972065
2023-05-15,399.705337161,351.04681232229416
2023-05-16,397.034247525,418.2980144665535
2023-05-17,401.853822303,369.4142292133987
2023-05-18,405.724966703,341.5872368469193
2023-05-19,405.134617182,264.06073761960414
2023-05-20,405.134617182,139.79613838686686
2023-05-21,405.134617182,366.2067992162126
2023-05-22,405.299140819,345.7252816099552
2023-05-23,400.750546149,247.55440945514627
2023-05-24,397.847187849,262.78228550445624
2023-05-25,401.292506365,365.47774639449915
2023-05-26,406.489517722,320.5681956069206
2023-05-27,406.489517722,121.9339729183596
2023-05-28,406.489517722,349.3314996572909
2023-05-29,406.489517722,349.32418058718963
2023-05-30,406.644363498,315.6448507001598
2023-05-31,404.389421885,364.8799650580563
2023-06-01,408.231532702,427.3625291338472
2023-06-02,414.135027912,349.27050101923794
2023-06-03,414.135027912,347.69742916290636
2023-06-04,414.135027912,339.99012892453305
2023-06-05,413.34144331,428.4585094098905
2023-06-06,414.241484383,341.4092986271295
2023-06-07,412.809160955,348.22631729929014
2023-06-08,415.306049093,345.3267584505418
2023-06-09,416.05124439,248.59797227078903
2023-06-10,416.05124439,368.4200387263643
2023-06-11,416.05124439,258.6807562869969
2023-06-12,419.82561018,333.7303262858813
2023-06-13,422.593478426,348.1849317698518
2023-06-14,423.096727198,428.84842490086766
2023-06-15,428.34212786,320.5515114997761
2023-06-16,426.883445828,316.3978268773852
2023-06-17,426.883445828,335.4786367185949
2023-06-18,426.883445828,310.78966596147774
2023-06-19,426.883445828,429.9297544298359
2023-06-20,424.668695324,266.2183187374595
2023-06-21,422.492800092,365.56047808385046
2023-06-22,424.017869518,301.87308945419727
2023-06-23,420.812309578,345.3237783962907
2023-06-24,420.812309578,430.08334146132364
2023-06-25,420.812309578,346.48516161100605
2023-06-26,419.092963792,341.804771085648
2023-06-27,423.687599706,312.998788229092
2023-06-28,423.901303702,397.84012405938523
2023-06-29,425.572080398,345.763834562542
2023-06-30,430.594124304,343.0993140570976
2023-07-01,430.594124304,368.5698997490432
2023-07-02,430.594124304,342.7106740265828
2023-07-03,431.186667202,343.5140798918293
2023-07-04,431.186667202,185.08833403626903
2023-07-05,430.448417034,180.46639658451755
2023-07-06,427.077722188,330.24381717815515
2023-07-07,425.99948839,339.8230676781565
2023-07-08,425.99948839,324.0892299129927
2023-07-09,425.99948839,373.68168853557347
2023-07-10,427.077722188,299.97114378177616
2023-07-11,429.797591228,370.60928002199756
2023-07-12,433.255710436,340.0510735803452
2023-07-13,436.694402008,306.56395695531023
2023-07-14,436.422415104,340.1108371958849
2023-07-15,436.422415104,251.82413747171526
2023-07-16,436.422415104,381.1267445966251
2023-07-17,437.937770712,341.85217984276443
2023-07-18,441.191899742,404.83586869519183
2023-07-19,442.17299536,427.9691890842107
2023-07-20,439.239422324,344.44451661612436
2023-07-21,439.239422324,241.64380589466984
2023-07-22,439.239422324,146.47486252341074
2023-07-23,439.239422324,231.00435219494437
2023-07-24,441.20161356,333.8546581543096
2023-07-25,442.406126992,303.9156439874176
2023-07-26,442.474123718,337.94927691627896
2023-07-27,439.540550682,335.5345465475729
2023-07-28,443.843772056,306.51704068164787
2023-07-29,443.843772056,372.97598282727375
2023-07-30,443.843772056,340.8525423777768
2023-07-31,444.688874222,340.21171189979384
2023-08-01,443.416364064,339.28849460724825
2023-08-02,437.248089634,340.55352652878645
2023-08-03,435.995007112,123.556193924838
2023-08-04,434.023102058,342.3293628166852
2023-08-05,434.023102058,334.0378753521919
2023-08-06,434.023102058,321.5662489712542
2023-08-07,437.811491078,342.40376325743784
2023-08-08,435.90758275,431.3541172558274
2023-08-09,432.99343735,319.0172865603041
2023-08-10,433.148858438,369.2924231639206
2023-08-11,432.89629917,363.493961668509
2023-08-12,432.89629917,343.4536064835096
2023-08-13,432.89629917,240.64029141928606
2023-08-14,435.285898398,320.5303457409682
2023-08-15,430.215285402,342.09333986009653
2023-08-16,427.058294552,333.7309198729712
2023-08-17,423.804165522,302.099261909888
2023-08-18,424.0081557,333.3704269543096
2023-08-19,424.0081557,316.56594516612023
2023-08-20,424.0081557,431.7357528854226
2023-08-21,426.766880012,261.214232001976
2023-08-22,425.61093567,180.61538734690035
2023-08-23,430.351278854,342.6659798350892
2023-08-24,424.386994602,330.12335147759757
2023-08-25,427.378850546,341.51207199918673
2023-08-26,427.378850546,310.0464557602147
2023-08-27,427.378850546,231.5616617148741
2023-08-28,430.089005768,431.92833812383657
2023-08-29,436.305849288,348.61717084298095
2023-08-30,438.102905618,340.5962379611766
2023-08-31,437.46179363,367.7163995939756
2023-09-01,438.277754342,420.8868734639637
2023-09-02,438.277754342,341.49337782408406
2023-09-03,438.277754342,339.3605547659008
2023-09-04,438.277754342,259.01419572050406
2023-09-05,436.383559832,303.90711564493455
2023-09-06,433.449986796,268.54100733904755
2023-09-07,432.11919373,317.76603002249584
2023-09-08,432.770019536,398.8364829006351
2023-09-09,432.770019536,342.05818180293835
2023-09-10,432.770019536,325.3390174944339
2023-09-11,435.61616821,266.45287029796805
2023-09-12,433.226568982,372.29975450371023
2023-09-13,433.731687518,330.39367775202686
2023-09-14,437.471507448,291.27974115761407
2023-09-15,432.200888982,342.09574079023275
2023-09-16,432.200888982,335.6716123475295
2023-09-17,432.200888982,330.3667288936212
2023-09-18,432.454339218,239.4822255581432
2023-09-19,431.557515306,362.7973978201023
2023-09-20,427.590044304,369.551878860528
2023-09-21,420.522681954,360.18646604428335
2023-09-22,419.577117612,341.62115897284207
2023-09-23,419.577117612,303.0480513111516
2023-09-24,419.577117612,122.5999365545719
2023-09-25,421.341521178,330.9351897327973
2023-09-26,415.151486568,199.0673063224283
2023-09-27,415.31720403,337.0585830946956
2023-09-28,417.724981272,431.35683924240465
2023-09-29,416.711180328,344.2837026672279
2023-09-30,416.711180328,255.77191718554963
2023-10-01,416.711180328,264.93177491967754
2023-10-02,416.545462866,328.1993617388137
2023-10-03,410.969557674,326.4007051944243
2023-10-04,413.962220076,252.71408867515925
2023-10-05,413.8062507,349.00159332459396
2023-10-06,418.719286044,176.74107051746168
2023-10-07,418.719286044,328.9352325522382
2023-10-08,418.719286044,269.20283260925316
2023-10-09,421.400009694,322.6872727057757
2023-10-10,423.593329044,368.70964184927715
2023-10-11,425.328488352,428.95632941568664
2023-10-12,422.735497476,327.10896923236817
2023-10-13,420.6299109,429.2827760771979
2023-10-14,420.6299109,275.67967019286493
2023-10-15,420.6299109,347.63371541888375
2023-10-16,425.055541944,200.43339151136476
2023-10-17,425.036045772,363.3176672525705
2023-10-18,419.372407806,421.01085502926907
2023-10-19,415.687631298,244.0483519216693
2023-10-20,410.579634234,429.4386110073285
2023-10-21,410.579634234,305.4225686547209
2023-10-22,410.579634234,364.70887904073544
2023-10-23,409.868023956,341.7608063098968
2023-10-24,412.958167218,277.83995825616904
2023-10-25,407.03133093,350.3966560839302
2023-10-26,402.15728793,428.4692437894717
2023-10-27,400.334395848,214.76725753254115
2023-10-28,400.334395848,327.40743934388377
2023-10-29,400.334395848,349.9934085939103
2023-10-30,405.120706074,350.64044367688854
2023-10-31,407.66495652,350.2496423385462
2023-11-01,412.012602876,223.2560342116527
2023-11-02,419.908552536,351.65244715908705
2023-11-03,423.739550334,288.8687346678816
2023-11-04,423.739550334,352.2801191466138
2023-11-05,423.739550334,409.94792992903984
2023-11-06,424.714358934,351.0379452220969
2023-11-07,425.923121598,227.96778782817677
2023-11-08,426.23506035,306.8930567471317
2023-11-09,422.910963024,323.06132120922337
2023-11-10,429.510417246,317.29091757142817
2023-11-11,429.510417246,351.0963598307137
2023-11-12,429.510417246,427.85830279232164
2023-11-13,429.100997634,298.9614500492128
2023-11-14,437.425863078,301.13985924491766
2023-11-15,438.351931248,253.79217806442324
2023-11-16,438.888075978,353.97082793893856
2023-11-17,439.433968794,347.3857748776527
2023-11-18,439.433968794,351.531574457211
2023-11-19,439.433968794,364.8955163807419
2023-11-20,442.816554636,351.67168765880234
2023-11-21,441.851494122,322.3509867820161
2023-11-22,443.557409172,337.0251104011983
2023-11-23,443.557409172,338.7129794789049
2023-11-24,443.83035558,373.538647102133
2023-11-25,443.83035558,211.22625553427815
2023-11-26,443.83035558,306.0280683410652
2023-11-27,443.031012528,336.3960561995264
2023-11-28,443.469676398,319.0141485349388
2023-11-29,443.157737646,352.58413920008593
2023-11-30,444.90264504,343.57138194508605
2023-12-01,447.53462826,303.93206904417633
2023-12-02,447.53462826,322.2849718333699
2023-12-03,447.53462826,311.2977518065236
2023-12-04,445.185339534,343.82728101369815
2023-12-05,445.09760676,339.19359945099114
2023-12-06,443.303958936,309.62000828028533
2023-12-07,446.686544778,371.18985012111807
2023-12-08,448.60691772,345.85771590547546
2023-12-09,448.60691772,316.58284406141604
2023-12-10,448.60691772,350.0878574003443
2023-12-11,450.351825114,303.55076508735914
2023-12-12,452.40867126,353.671272428711
2023-12-13,458.6474463,353.42765526429275
2023-12-14,460.119407286,354.21409111071983
2023-12-15,459.36190013,364.7662874662709
2023-12-16,459.36190013,374.585258174702
2023-12-17,459.36190013,260.11781171850424
2023-12-18,461.94582917,377.8182662780377
2023-12-19,464.75487324,261.5641114817948
2023-12-20,458.31462586,418.18612050281405
2023-12-21,462.6603247,422.35882158904093
2023-12-22,463.59014765,338.7677937502596
2023-12-23,463.59014765,307.31509575437076
2023-12-24,463.59014765,354.3971638941283
2023-12-25,463.59014765,249.34219969156055
2023-12-26,465.54766965,354.4809878290322
2023-12-27,466.38940411,168.97544327428193
2023-12-28,466.56558109,354.54399123219133
2023-12-29,465.21489091,223.45001905775834
2023-12-30,465.21489091,354.6627637231945
2023-12-31,465.21489091,354.68667012766224
2024-01-01,465.21489091,370.67780026811835
2024-01-02,462.61138665,272.64087290895816
2024-01-03,458.83336919,286.2486645523643
2024-01-04,457.35544008,367.9770768842535
2024-01-05,457.98184712,128.67063400868417
2024-01-06,457.98184712,335.24148035743934
2024-01-07,457.98184712,129.48294384823944
2024-01-08,464.5199706,204.71120664649374
2024-01-09,463.81526268,349.6016430671601
2024-01-10,466.43834216,321.18965326315924
2024-01-11,466.23280235,228.5389870664024
2024-01-12,466.55579348,337.9964201874145
2024-01-13,466.55579348,263.11343186620326
2024-01-14,466.55579348,353.5279185897522
2024-01-15,466.55579348,365.31234899002766
2024-01-16,464.84296173,316.26247679136316
2024-01-17,462.25903269,351.94979127915155
2024-01-18,466.36982889,355.6278455687889
2024-01-19,472.18366923,317.2803443990255
2024-01-20,472.18366923,355.61324985085855
2024-01-21,472.18366923,350.8556353843983
2024-01-22,473.18200545,300.0575923422663
2024-01-23,474.56205846,348.7671711919427
2024-01-24,475.08080179,346.622413255642
2024-01-25,477.66473083,365.5143824642976
2024-01-26,477.05789901,357.42980191950863
2024-01-27,477.05789901,357.3864679863148
2024-01-28,477.05789901,365.45793497946494
2024-01-29,480.83591647,356.07642240006055
2024-01-30,480.46398729,188.887439845633
2024-01-31,472.62411168,356.5145852437395
2024-02-01,478.8098812,357.0562566582106
2024-02-02,483.85050035,425.1700373583121
2024-02-03,483.85050035,413.3469159713937
2024-02-04,483.85050035,425.2567511372297
2024-02-05,482.08873055,425.4813425714622
2024-02-06,483.48835878,338.87509778192054
2024-02-07,487.5208541,332.25657983300704
2024-02-08,487.73618152,356.07787655692505
2024-02-09,490.5550132,171.9380050794935
2024-02-10,490.5550132,345.4445412529696
2024-02-11,490.5550132,355.7971055586477
2024-02-12,490.33968578,262.6081640752195
2024-02-13,483.58623488,357.2607724241788
2024-02-14,487.98087177,364.38802589687236
2024-02-15,491.34780961,425.56051012882756
2024-02-16,488.90090711,365.69550683666955
2024-02-17,488.90090711,350.23472932887375
2024-02-18,488.90090711,236.62783855094835
2024-02-19,488.90090711,425.4344493159248
2024-02-20,486.20931436,368.04195126371246
2024-02-21,486.64975681,320.6610599501965
2024-02-22,496.7212075,291.2288584436707
2024-02-23,497.06377385,355.05371892926536
2024-02-24,497.06377385,198.28937979278732
2024-02-25,497.06377385,394.44370625173013
2024-02-26,495.24327839,225.2492196960909
2024-02-27,496.16331373,425.51694160735093
2024-02-28,495.50754386,334.1369321315125
2024-02-29,497.28888888,356.09919710700063
2024-03-01,501.95757885,355.22264086413816
2024-03-02,501.95757885,343.36046474681046
2024-03-03,501.95757885,122.8317321654673
2024-03-04,501.4192603,301.40642497979275
2024-03-05,496.40800398,353.2298064722375
2024-03-06,498.92341975,272.3422585405241
2024-03-07,503.87595041,221.0254124759767
2024-03-08,500.85157892,210.27756345120252
2024-03-09,500.85157892,320.53392204214515
2024-03-10,500.85157892,355.1462568114514
2024-03-11,500.42092408,397.71189940156006
2024-03-12,505.80410958,288.41464893780295
2024-03-13,505.01131317,238.00020955896107
2024-03-14,504.01297695,353.6917926597258
2024-03-15,500.552062677,276.60115861782276
2024-03-16,500.552062677,286.15496640712564
2024-03-17,500.552062677,425.76334733543996
2024-03-18,503.526922434,124.43424143701417
2024-03-19,506.325057849,336.5191438624589
2024-03-20,511.008252912,342.83765691489697
2024-03-21,512.69695218,346.8037124069365
2024-03-22,511.724968299,338.82494055733747
2024-03-23,511.724968299,354.94109550771924
2024-03-24,511.724968299,345.81989553666875
2024-03-25,510.311173563,128.02834258019325
2024-03-26,509.368643739,354.7523939844832
2024-03-27,513.649300023,329.060799150093
2024-03-28,513.551119833,354.8907656982558
2024-03-29,513.551119833,336.87452225741504
2024-03-30,513.551119833,355.66264435563164
2024-03-31,513.551119833,341.6916751445827
2024-04-01,512.657680104,425.7985949551245
2024-04-02,509.398097796,243.6533771885083
2024-04-03,509.957724879,190.30572658720465
2024-04-04,503.733100833,354.46261769937684
2024-04-05,508.995559017,366.08215884139173
2024-04-06,508.995559017,321.6644970855108
2024-04-07,508.995559017,355.9982176354558
2024-04-08,509.280281568,261.9193374720905
2024-04-09,509.869362708,346.0364948643066
2024-04-10,504.763992828,366.05149729997237
2024-04-11,508.5733842,352.04976845337256
2024-04-12,501.553500615,122.98860637705634
2024-04-13,501.553500615,323.04382474860427
2024-04-14,501.553500615,413.87786092174576
2024-04-15,495.269968455,354.043131814635
2024-04-16,494.366710707,261.2855335262322
2024-04-17,491.440941045,199.30281063577445
2024-04-18,490.429685088,353.66059015915437
2024-04-19,486.149028804,297.3582104821331
2024-04-20,486.149028804,353.9973084773272
2024-04-21,486.149028804,325.9340844945229
2024-04-22,490.626045468,350.7118113803629
2024-04-23,496.448130735,280.13991853389723
2024-04-24,496.212498279,410.06391938166837
2024-04-25,494.327438631,332.1794660698113
2024-04-26,499.010633694,365.597561566888
2024-04-27,499.010633694,354.0199084335173
2024-04-28,499.010633694,353.4759428784461
2024-04-29,500.777877114,321.0527842707231
2024-04-30,492.844917762,248.6961282397329
2024-05-01,491.244580665,329.63098445738626
2024-05-02,495.839413557,244.26774257384665
2024-05-03,501.985493451,353.1215159007828
2024-05-04,501.985493451,353.6058780085626
2024-05-05,501.985493451,353.59962037015475
2024-05-06,507.169407483,353.6250548432316
2024-05-07,507.729034566,268.50976018688846
2024-05-08,507.778124661,348.63869296683015
2024-05-09,510.703894323,342.1923129473107
2024-05-10,511.361701596,351.9934189374202
2024-05-11,511.361701596,323.6909748659592
2024-05-12,511.361701596,353.3493773481781
2024-05-13,511.430427729,287.3558555989709
2024-05-14,513.77693427,256.2884020843441
2024-05-15,520.139010582,322.7174921059769
2024-05-16,519.068846511,397.64616653708725
2024-05-17,519.815015955,338.8281821756662
2024-05-18,519.815015955,307.0218517280369
2024-05-19,519.815015955,308.63182932995096
2024-05-20,520.413915114,184.07242063454677
2024-05-21,521.690257584,328.2109669166091
2024-05-22,520.188100677,352.78062749449384
2024-05-23,516.388527324,355.74579532582453
2024-05-24,519.805197936,279.89157586602016
2024-05-25,519.805197936,260.7142579538087
2024-05-26,519.805197936,426.87362774501474
2024-05-27,519.805197936,347.36235209041644
2024-05-28,520.168464639,351.7307408970928
2024-05-29,516.52597959,137.46910276693035
2024-05-30,513.099490959,364.77247648063997
2024-05-31,517.772868003,352.44859379917835
2024-06-01,517.772868003,296.8532543923291
2024-06-02,517.772868003,293.84458766465366
2024-06-03,518.19504282,193.0093106646897
2024-06-04,518.774305941,233.91290097232783
2024-06-05,524.940021873,273.230579000473
2024-06-06,524.930203854,335.7836847908806
2024-06-07,524.292032619,262.13634659080657
2024-06-08,524.292032619,347.7054169713379
2024-06-09,524.292032619,352.88789893202164
2024-06-10,525.912005754,323.50938026565336
2024-06-11,527.178530205,188.14755617395087
2024-06-12,531.508276584,336.0705302514909
2024-06-13,532.578440655,317.1064685916935
2024-06-14,532.902435282,352.9179068923932
2024-06-15,532.902435282,347.0242985222457
2024-06-16,532.902435282,279.5788982514431
2024-06-17,537.14381949,393.4337863028861
2024-06-18,538.508524131,319.6113527613532
2024-06-19,538.508524131,367.5325450331702
2024-06-20,537.0456393,366.2127191352373
2024-06-21,536.325687994,352.6915302545763
2024-06-22,536.325687994,353.35825828134926
2024-06-23,536.325687994,352.8520545125075
2024-06-24,534.582292156,204.5408276656497
2024-06-25,536.640878202,427.1893577898783
2024-06-26,537.310657394,251.63724667605567
2024-06-27,538.157731078,211.65424126943748
2024-06-28,536.040046868,122.80750750987296
2024-06-29,536.040046868,333.8794538443183
2024-06-30,536.040046868,426.8751525556989
2024-07-01,537.143212596,353.92464861041987
2024-07-02,540.758050294,353.09044757700445
2024-07-03,543.171225324,315.72429885709
2024-07-04,543.171225324,349.011662904302
2024-07-05,546.303428016,353.0310256536157
2024-07-06,546.303428016,230.3942866357951
2024-07-07,546.303428016,152.74167999630106
2024-07-08,546.933808432,296.3578913310816
2024-07-09,547.465691908,326.39507134434774
2024-07-10,552.883023608,353.5433567197841
2024-07-11,548.115771712,237.94897505346265
2024-07-12,551.573014306,426.8024994235239
2024-07-13,551.573014306,365.8865688229566
2024-07-14,551.573014306,350.89637585679884
2024-07-15,553.089867182,366.5680535241666
2024-07-16,556.369815284,156.62186595790706
2024-07-17,548.568857636,288.448195077619
2024-07-18,544.353188604,369.8209567023882
2024-07-19,540.738350906,332.9486419661837
2024-07-20,540.738350906,369.2929886784616
2024-07-21,540.738350906,355.5684939810278
2024-07-22,546.31327771,426.2458920989127
2024-07-23,545.456354332,342.9557487336936
2024-07-24,533.094988362,381.9792378687312
2024-07-25,530.317374654,156.3144241129101
2024-07-26,536.256740136,354.39623642293094
2024-07-27,536.256740136,344.1288785798013
2024-07-28,536.256740136,351.12824414376223
2024-07-29,536.571930344,425.65686974164026
2024-07-30,533.8534148,125.1425760745535
2024-07-31,542.530995214,337.8879179570465
2024-08-01,534.848233894,302.510657702944
2024-08-02,524.89019326,303.75941714733005
2024-08-03,524.89019326,165.02753929869635
2024-08-04,524.89019326,344.10468171035774
2024-08-05,509.603468172,366.6792085204947
2024-08-06,514.30177221,122.3839087578065
2024-08-07,510.864229004,364.8499846919935
2024-08-08,522.67401211,356.01742168399693
2024-08-09,524.978840506,357.97909778685676
2024-08-10,524.978840506,345.4324830672583
2024-08-11,524.978840506,295.6630130633304
2024-08-12,525.254631938,358.01552046076597
2024-08-13,533.892813576,358.1839583493971
2024-08-14,535.57711125,364.8860180490479
2024-08-15,544.757026058,298.92056344404074
2024-08-16,545.978388114,353.55069740561004
2024-08-17,545.978388114,321.7999276845264
2024-08-18,545.978388114,358.56350335676655
2024-08-19,551.198725934,355.9376702796717
2024-08-20,550.30240378,332.61855972499325
2024-08-21,552.193545028,375.08936778692595
2024-08-22,547.859679668,356.62597504306814
2024-08-23,553.680848822,350.06845313416585
2024-08-24,553.680848822,356.91420444204783
2024-08-25,553.680848822,356.8043018967439
2024-08-26,552.360989826,265.3272822957313
2024-08-27,553.119416264,342.40676637667104
2024-08-28,549.90841602,359.4568490415567
2024-08-29,549.95766449,126.30195222190554
2024-08-30,555.207551392,355.8632974010701
2024-08-31,555.207551392,369.7977525314233
2024-09-01,555.207551392,244.469372727282
2024-09-02,555.207551392,219.92992150154672
2024-09-03,543.781906352,312.72822869096336
2024-09-04,542.66889093,123.98831639212733
2024-09-05,541.349031934,342.7003560926391
2024-09-06,532.238064984,328.43824067338215
2024-09-07,532.238064984,316.5434632825945
2024-09-08,532.238064984,250.96938091390805
2024-09-09,538.197129854,234.4640202277487
2024-09-10,540.541357026,326.1876127280866
2024-09-11,546.086734748,359.36896164849776
2024-09-12,550.686541846,122.22710555976577
2024-09-13,553.562652494,370.20479945252026
2024-09-14,553.562652494,310.4005127363106
2024-09-15,553.562652494,341.577187635477
2024-09-16,554.380177096,360.9461525137238
2024-09-17,554.606720058,200.5068259324549
2024-09-18,552.96182116,124.9458512532957
2024-09-19,562.397828012,354.3677836106897
2024-09-20,561.425147025,352.24313972926075
2024-09-21,561.425147025,310.88075225710946
2024-09-22,561.425147025,359.0115927761019
2024-09-23,562.828092399,348.622492746334
2024-09-24,564.43851561,360.4148208724393
2024-09-25,563.193648588,223.9438678152163
2024-09-26,565.42650531,318.1390448544499
2024-09-27,564.606473859,347.3246763982918
2024-09-28,564.606473859,321.659739508671
2024-09-29,564.606473859,365.86764584032125
2024-09-30,566.868970272,373.3542716122196
2024-10-01,561.790703214,421.7096619956422
2024-10-02,562.027820742,361.17746805567094
2024-10-03,561.000311454,382.8086462263081
2024-10-04,566.098338306,348.52532437479607
2024-10-05,566.098338306,315.5713336563591
2024-10-06,566.098338306,373.9973465939436
2024-10-07,560.98055166,354.04677811847085
2024-10-08,566.286056349,354.9202103098453
2024-10-09,570.208375458,356.1265060929751
2024-10-10,569.210505861,366.5058600670029
2024-10-11,572.619070326,322.6475122662405
2024-10-12,572.619070326,362.77998462735127
2024-10-13,572.619070326,330.56449321498445
2024-10-14,577.302141504,421.7159653245361
2024-10-15,572.816668266,203.83624997785307
2024-10-16,575.30640231,420.25516321214593
2024-10-17,575.355801795,300.59966864822144
2024-10-18,577.568898723,203.65974989788958
2024-10-19,577.568898723,363.8942766623886
2024-10-20,577.568898723,356.6409045613517
2024-10-21,576.620428611,320.67298258532924
2024-10-22,576.314151804,361.3908533298324
2024-10-23,571.048166703,219.49759721319003
2024-10-24,572.283153828,369.0011754205999
2024-10-25,572.085555888,362.7130087656301
2024-10-26,572.085555888,361.5479840865856
2024-10-27,572.085555888,343.70116605111565
2024-10-28,573.854057451,377.0810587954414
2024-10-29,574.782767769,353.41811260520456
2024-10-30,573.043905897,387.8299499104062
2024-10-31,561.810463008,362.6391705699416
2024-11-01,564.181638288,363.3055927773959
2024-11-02,564.181638288,360.9811557359318
2024-11-03,564.181638288,337.2354338755837
2024-11-04,562.966410957,363.7070779567459
2024-11-05,569.77365999,341.53627427511645
2024-11-06,583.941432288,359.0291407770788
2024-11-07,588.456545217,421.8508663420963
2024-11-08,591.005558643,374.8089149012489
2024-11-09,591.005558643,285.39269038349823
2024-11-10,591.005558643,153.80347783570585
2024-11-11,591.568712772,422.06988084241755
2024-11-12,589.73105193,341.77344088507647
2024-11-13,590.017568943,360.48908934059176
2024-11-14,586.223688495,362.22675400334356
2024-11-15,578.714966775,361.8583057226519
2024-11-16,578.714966775,355.3818649535322
2024-11-17,578.714966775,360.3254297211412
2024-11-18,581.086142055,321.56459876491834
2024-11-19,583.21031991,360.68921117216485
2024-11-20,583.40791785,300.8774304187839
2024-11-21,586.539845199,374.9351488939984
2024-11-22,588.357746247,202.56416199008967
2024-11-23,588.357746247,360.4233644263303
2024-11-24,588.357746247,208.50075762454304
2024-11-25,590.353485441,354.70894694757317
2024-11-26,593.436013305,364.5674188272806
2024-11-27,591.637872051,166.75982043516024
2024-11-28,591.637872051,342.8652813702584
2024-11-29,595.313193735,340.23275075643096
2024-11-30,595.313193735,364.68685129454286
2024-12-01,595.313193735,361.3641380019403
2024-12-02,596.380222611,317.51886490786404
2024-12-03,596.656859727,366.230786735453
2024-12-04,600.361821102,293.4851566319993
2024-12-05,599.373831402,362.7254312008219
2024-12-06,600.510019557,359.82852202092073
2024-12-07,600.510019557,284.8909195559678
2024-12-08,600.510019557,369.2276129444715
2024-12-09,597.417611796,376.06219986669896
2024-12-10,595.56019116,353.807455630484
2024-12-11,600.164223162,422.6283372243514
2024-12-12,597.071815401,364.7946280642493
2024-12-13,596.953256637,375.9396307770947
2024-12-14,596.953256637,351.6706718137361
2024-12-15,596.953256637,290.9466616469681
2024-12-16,599.502270063,200.76777032549452
2024-12-17,597.032295813,276.2285076993297
2024-12-18,579.238601316,335.46366563024486
2024-12-19,579.06076317,334.44712093583155
2024-12-20,586.01538933,352.6495770276852
2024-12-21,586.01538933,360.12643721252465
2024-12-22,586.01538933,363.88222715729074
2024-12-23,589.524641598,359.96090193644386
2024-12-24,596.07722846,362.30190011268803
2024-12-25,596.07722846,360.04308479601053
2024-12-26,596.116881028,372.6508837210504
2024-12-27,589.841862142,305.8201276233162
2024-12-28,589.841862142,362.6517387403207
2024-12-29,589.841862142,359.81638380189025
2024-12-30,583.110838724,363.25747811819866
2024-12-31,580.989426336,422.26929369078505
2025-01-01,580.989426336,313.01649098477094
2025-01-02,579.561933888,349.5598326872054
2025-01-03,586.80844069,377.29896351304103
2025-01-04,586.80844069,360.37802122937944
2025-01-05,586.80844069,269.09547006051537
2025-01-06,590.188822112,380.00600249088563
2025-01-07,583.517277546,336.87405191560595
2025-01-08,584.369807758,311.8754874086198
2025-01-09,584.369807758,223.86128735168307
2025-01-10,575.447979958,377.6528014656931
2025-01-11,575.447979958,360.09506425502036
2025-01-12,575.447979958,362.96967997646743
2025-01-13,576.340162738,360.2425671824917
2025-01-14,577.133214098,258.9535920957911
2025-01-15,587.631231476,421.9796956921446
2025-01-16,586.501133288,348.4726882160004
2025-01-17,592.389539636,360.59486903860125
2025-01-18,592.389539636,351.2361896868856
2025-01-19,592.389539636,368.5834345697238
2025-01-20,592.389539636,205.32542009617168
2025-01-21,597.81202831,339.68684156376423
2025-01-22,601.172583448,220.95816154328216
2025-01-23,604.45383345,360.02612481140477
2025-01-24,602.689294174,134.21350209796756
2025-01-25,602.689294174,363.15672753569885
2025-01-26,602.689294174,359.6392126531557
2025-01-27,594.163992054,360.65299086297296
2025-01-28,599.269260184,160.48440685944806
2025-01-29,596.582798702,344.4664003671708
2025-01-30,599.784743568,372.80736128263504
2025-01-31,596.592711844,237.19887456472745
2025-02-01,596.592711844,301.68272968102724
2025-02-02,596.592711844,126.27206986219963
2025-02-03,592.577889334,366.85001383625746
2025-02-04,596.553059276,317.5193473017641
2025-02-05,598.971865924,340.9130319207919
2025-02-06,601.053625744,422.67316432252056
2025-02-07,595.551831934,343.751753314094
2025-02-08,595.551831934,363.5213012048583
2025-02-09,595.551831934,362.7294330388858
2025-02-10,599.59639387,360.4992990157384
2025-02-11,600.052398402,360.1951951121874
2025-02-12,598.119335712,337.318740568002
2025-02-13,604.434007166,360.7809211808243
2025-02-14,604.40426774,287.4729427817795
2025-02-15,604.40426774,302.9052170509903
2025-02-16,604.40426774,139.95517786833346
2025-02-17,604.40426774,288.3536699784101
2025-02-18,606.178720158,330.0532223511892
2025-02-19,607.606212606,362.8605881505863
2025-02-20,605.078361396,358.2202235381934
2025-02-21,594.729041148,419.4644826542202
2025-02-22,594.729041148,299.47401135763164
2025-02-23,594.729041148,291.9551500482321
2025-02-24,592.022753382,363.76339969150007
2025-02-25,589.078550208,375.9370487550144
2025-02-26,589.375944468,205.7711266710203
2025-02-27,579.96837271,345.11405594065326
2025-02-28,589.019071356,323.5335677175569
2025-03-01,589.019071356,311.184388308659
2025-03-02,589.019071356,239.23278686286966
2025-03-03,578.699490534,249.52918328101018
2025-03-04,571.849509412,288.70163999202157
2025-03-05,577.995657452,287.5440557640344
2025-03-06,567.735555482,150.48028806620496
2025-03-07,570.917674064,337.32743249381974
2025-03-08,570.917674064,233.79983104279023
2025-03-09,570.917674064,345.62262891955527
2025-03-10,555.710914236,363.54768182840684
2025-03-11,551.091390064,364.3562671982766
2025-03-12,554.015766954,318.0981323253375
2025-03-13,546.630476164,343.17820544848945
2025-03-14,557.921544902,298.3933213946655
2025-03-15,557.921544902,293.4332804593695
2025-03-16,557.921544902,380.1579145710182
2025-03-17,562.22384853,363.6126332319976
2025-03-18,556.147092484,233.27786766817405
2025-03-19,562.204022246,234.13890745803417
2025-03-20,560.578266958,310.21936659205727
2025-03-21,560.762719692,297.91022905644087
2025-03-22,560.762719692,364.1552350399684
2025-03-23,560.762719692,343.9271328334765
2025-03-24,570.805103232,361.21573871228225
2025-03-25,572.177230884,338.4450927778239
2025-03-26,565.346421486,244.47993417363156
2025-03-27,563.845035432,391.71090407888596
2025-03-28,552.490181964,364.7610615123784
2025-03-29,552.490181964,330.04738074473323
2025-03-30,552.490181964,230.4805981903894
2025-03-31,556.198903806,364.76653350110564
2025-04-01,557.769890538,300.8572604600498
2025-04-02,561.299639208,363.9750092386025
2025-04-03,533.63834118,360.0627246037374
2025-04-04,502.397579712,367.8381330844209
2025-04-05,502.397579712,371.42907227819006
2025-04-06,502.397579712,365.0925705633203
2025-04-07,501.502713852,350.66855424174935
2025-04-08,493.647780192,383.5639326976576
2025-04-09,545.490342348,364.5352874967568
2025-04-10,521.587480932,364.4470558854992
2025-04-11,530.894085876,363.30133495931625
2025-04-12,530.894085876,363.86645818285064
2025-04-13,530.894085876,339.1845888782745
2025-04-14,536.044536048,335.9746450379371
2025-04-15,534.543149994,360.2415407150102
2025-04-16,522.661319964,360.63257495009464
2025-04-17,523.407041514,378.9823748595463
2025-04-18,523.407041514,364.5401436695125
2025-04-19,523.407041514,346.1611989998017
2025-04-20,523.407041514,375.74031881014844
2025-04-21,510.948520152,379.16405645826507
2025-04-22,524.24224965,360.8785536971998
2025-04-23,532.365643068,337.87018362059695
2025-04-24,543.571352226,303.62827116712606
2025-04-25,547.498819056,363.4208668329319
2025-04-26,547.498819056,338.72820083213986
2025-04-27,547.498819056,365.61873091488457
2025-04-28,547.70762109,363.34331089257245
2025-04-29,551.157826128,371.3825215454066
2025-04-30,551.376571116,362.1654577395325
2025-05-01,555.284152038,418.13751215693645
2025-05-02,563.526860904,370.5590551493427
2025-05-03,563.526860904,241.36955335403593
2025-05-04,563.526860904,368.40092041449293
2025-05-05,560.295400854,346.5208052887292
2025-05-06,555.61226952,123.04145905919046
2025-05-07,557.94886371,183.47476334289928
2025-05-08,561.836558724,365.45244172828734
2025-05-09,561.120666036,369.4555278432164
2025-05-10,561.120666036,255.99948623876338
2025-05-11,561.120666036,327.6409079992691
2025-05-12,579.664275246,366.3192278356023
2025-05-13,583.492312536,383.4858755751622
2025-05-14,584.238034086,376.5881251203658
2025-05-15,587.091661884,264.827361607498
2025-05-16,590.81032668,349.74338256130756
2025-05-17,590.81032668,364.31908060927935
2025-05-18,590.81032668,302.93908017622823
2025-05-19,591.45661869,335.48191435749146
2025-05-20,589.46802789,367.97982850379566
2025-05-21,579.535016844,343.94157665052376
2025-05-22,579.763704786,225.12883369349618
2025-05-23,575.806409094,367.7246897316935
2025-05-24,575.806409094,280.70967497614174
2025-05-25,575.806409094,209.75885956509174
2025-05-26,575.806409094,319.52934008834103
2025-05-27,587.77772571,366.884303187574
2025-05-28,584.377235442,335.6498465774828
2025-05-29,586.68400077,320.95041847204504
2025-05-30,586.027765806,359.6495224082534
2025-05-31,586.027765806,122.05234943678924
2025-06-01,586.027765806,367.3679608734866
